{
  "properties": {
    "connectionReferences": {
      "shared_commondataserviceforapps": {
        "runtimeSource": "embedded",
        "connection": {
          "connectionReferenceLogicalName": "new_sharedcommondataserviceforapps_d04e4"
        },
        "api": {
          "name": "shared_commondataserviceforapps"
        }
      },
      "shared_teams": {
        "runtimeSource": "embedded",
        "connection": {
          "connectionReferenceLogicalName": "ya_sharedteams_55e33"
        },
        "api": {
          "name": "shared_teams"
        }
      }
    },
    "definition": {
      "$schema": "https://schema.management.azure.com/providers/Microsoft.Logic/schemas/2016-06-01/workflowdefinition.json#",
      "contentVersion": "1.0.0.0",
      "parameters": {
        "$connections": {
          "defaultValue": {},
          "type": "Object"
        },
        "$authentication": {
          "defaultValue": {},
          "type": "SecureObject"
        }
      },
      "triggers": {
        "繰り返し": {
          "recurrence": {
            "frequency": "Day",
            "interval": 1,
            "timeZone": "Tokyo Standard Time",
            "schedule": {
              "hours": [
                "6"
              ],
              "minutes": [
                30
              ]
            }
          },
          "metadata": {
            "operationMetadataId": "3ff0c104-a641-4225-9770-4dfa6f7d236a"
          },
          "type": "Recurrence"
        }
      },
      "actions": {
        "行を一覧にする": {
          "runAfter": {
            "変数Todayを初期化する": [
              "Succeeded"
            ]
          },
          "metadata": {
            "operationMetadataId": "040e53fb-6e6e-4c4d-b25c-5f0c9f2220e5"
          },
          "type": "OpenApiConnection",
          "inputs": {
            "host": {
              "connectionName": "shared_commondataserviceforapps",
              "operationId": "ListRecords",
              "apiId": "/providers/Microsoft.PowerApps/apis/shared_commondataserviceforapps"
            },
            "parameters": {
              "entityName": "ya_fushimis",
              "$filter": "ya_bestby eq '@{variables('Today')}' or ya_useby eq '@{variables('Today')}'"
            },
            "authentication": "@parameters('$authentication')"
          }
        },
        "変数Todayを初期化する": {
          "runAfter": {
            "現在の時刻": [
              "Succeeded"
            ]
          },
          "metadata": {
            "operationMetadataId": "3f6922ee-3399-4db8-b1e8-7ec150abf82f"
          },
          "type": "InitializeVariable",
          "inputs": {
            "variables": [
              {
                "name": "Today",
                "type": "string",
                "value": "@{formatDateTime(body('現在の時刻'), 'yyyy-MM-ddT00:00:00Z')}"
              }
            ]
          }
        },
        "現在の時刻": {
          "runAfter": {
            "変数Toを初期化する": [
              "Succeeded"
            ]
          },
          "metadata": {
            "operationMetadataId": "290f8282-09c5-41a6-bdf8-5d15bd1f5d8e"
          },
          "type": "Expression",
          "kind": "CurrentTime",
          "inputs": {}
        },
        "変数Toを初期化する": {
          "runAfter": {},
          "metadata": {
            "operationMetadataId": "45df3e3b-9596-4cce-9029-d4abff078509"
          },
          "type": "InitializeVariable",
          "inputs": {
            "variables": [
              {
                "name": "To",
                "type": "string",
                "value": "admin@***.onmicrosoft.com"
              }
            ]
          }
        },
        "Apply_to_each": {
          "foreach": "@outputs('行を一覧にする')?['body/value']",
          "actions": {
            "チャットまたはチャネルでメッセージを投稿する": {
              "runAfter": {},
              "metadata": {
                "operationMetadataId": "894773b4-3abb-4b81-be7d-93934188f314"
              },
              "type": "OpenApiConnection",
              "inputs": {
                "host": {
                  "connectionName": "shared_teams",
                  "operationId": "PostMessageToConversation",
                  "apiId": "/providers/Microsoft.PowerApps/apis/shared_teams"
                },
                "parameters": {
                  "poster": "Flow bot",
                  "location": "Chat with Flow bot",
                  "body/recipient": "@{variables('To')};",
                  "body/messageBody": "<p>以下の食材を確認してください。<br>\n<img src=\"data:image/png;base64,@{items('Apply_to_each')?['ya_image1']}\" onerror=\"this.remove()\" />\n<img src=\"data:image/png;base64,@{items('Apply_to_each')?['ya_image2']}\" onerror=\"this.remove()\" />\n<br>\n<table>\n<thead><tr><th>品名</th><th>賞味期限</th><th>消費期限</th></tr></thead>\n<tbody><tr><td>@{items('Apply_to_each')?['ya_name']}</td><td>@{formatDateTime(items('Apply_to_each')?['ya_bestby'], 'yyyy/MM/dd')}</td><td>@{formatDateTime(items('Apply_to_each')?['ya_useby'], 'yyyy/MM/dd')}</td></tr></tbody>\n</table>\n</p>"
                },
                "authentication": "@parameters('$authentication')"
              }
            }
          },
          "runAfter": {
            "行を一覧にする": [
              "Succeeded"
            ]
          },
          "metadata": {
            "operationMetadataId": "a418ec3c-d951-4ade-9780-35bb2f8a07ee"
          },
          "type": "Foreach"
        }
      },
      "outputs": {}
    }
  },
  "schemaVersion": "1.0.0.0"
}